subSystem	n.x	n.y	p.val	p.val.fdr
Transport, endoplasmic reticular	6	123	0.00292149910445619	0.0262934919401057
Fatty acid oxidation	30	799	9.68145302332086e-10	1.74266154419776e-08
