subSystem_SC	n.x	n.y	p.val	p.val.fdr
Nucleotide salvage pathway	2	3	0.000382182020894637	0.004204002229841
Nucleotide interconversion	8	128	8.90306144275876e-05	0.00195867351740693
