TestSolutionName	Primary_Ctrl	iPS_Ctrl	iPS_BD	iPS_BD_R	iPS_BD_NR	TestSolutionGroup	TestedMetabolite	TestedModel
biomass_maintenance	28.5731693379915	30.5846005592794	25.3185804645522	30.0060167064499	20.2133199518049	biomass	maintenance	modelOri
biomass_maintenance_noTrTr	32.9271236755161	35.2355155251814	29.1919665820009	34.5162428110658	22.4575208167518	biomass	maintenance_noTrTr	modelOri
PI5P4K	708.333333333333	758.265651438241	628.265651438241	744.999999999999	243.796872441461	Inositol phosphate metabolism	NA	modelOri
MI1PP	721.666666666667	764.932318104908	634.932318104907	755	499.529228753885	Inositol phosphate metabolism	NA	modelOri
PIPLC	721.666666666667	771.598984771574	641.598984771574	761.666666666665	504.690519076469	Inositol phosphate metabolism	NA	modelOri
PGMT	30	30	30	30	0	glycogen metabolism	NA	modelOri
HMGCOASim	803.75	849.098984771572	680.195475999644	835.616438356164	517.775465313029	cholesterol synthesis	NA	modelOri
FAOXC164C165m	40	40	20	40	47.2209596318289	Beta Oxidation of Fatty Acid	NA	modelOri
