TestSolutionName	Primary_Ctrl	iPS_Ctrl_a	iPS_BD	iPS_BD_R	iPS_BD_NR	iPS_Ctrl_b	iPS_HT	iPS_ST	TestSolutionGroup	TestedMetabolite	TestedModel
biomass_maintenance	28.5756059549925	22.0803316721701	13.4517995897523	18.5204439059776	20.5725069686536	29.0672461743075	27.4122620099351	29.4829643039433	biomass	maintenance	modelOri
biomass_maintenance_noTrTr	32.9278504137552	24.6919872164508	14.2178067114856	19.9444898820858	22.9087599308779	32.5178014184618	30.7057790606841	33.0683789721935	biomass	maintenance_noTrTr	modelOri
PI5P4K	712.123519458546	266.849593495935	311.750000000001	433.333333333333	495.925925925926	700.933333333333	661.666666666667	714.010416666667	Inositol phosphate metabolism	NA	modelOri
MI1PP	712.123519458546	537.222222222223	336.495673671199	461.936274509804	510.370370370369	710.563063063063	677.777777777777	727.866666666666	Inositol phosphate metabolism	NA	modelOri
PIPLC	718.790186125212	543.888888888889	338.130653266331	463.333333333333	517.027027027027	716.238738738739	683.333333333333	733.466666666667	Inositol phosphate metabolism	NA	modelOri
PGMT	30	30	0	0	30	30	30	30	glycogen metabolism	NA	modelOri
HMGCOASim	795.873519458545	574.393939393939	362.964539007092	491.2	NaN	859.285714285714	797.5	867.49299719888	cholesterol synthesis	NA	modelOri
FAOXC164C165m	30	40	41.8279569892475	40.8650306748466	10	30	20	10	Beta Oxidation of Fatty Acid	NA	modelOri
LNLCCPT2	36.6666666666667	20	30	20	20	40	30	20	Carnitine Transferase	NA	modelOri
