TestSolutionName	Primary_Ctrl	iPS_Ctrl_a	iPS_BD	iPS_BD_R	iPS_BD_NR	iPS_Ctrl_b	iPS_HT	iPS_ST	TestSolutionGroup	TestedMetabolite	TestedModel
biomass_maintenance	27.3858675237395	25.5897889153678	18.9890565514015	19.0049757126976	20.9379517789426	25.813719203248	29.5192842890571	30.6715704599904	biomass	maintenance	modelOri
biomass_maintenance_noTrTr	30.6103010580144	27.7099554537042	20.9454423667934	20.8917032544056	22.9289445261946	28.5882662515808	33.6471974131601	34.5674480226529	biomass	maintenance_noTrTr	modelOri
PI5P4K	664.166666666667	598.59375	226.314814814815	225.646127162353	498.284457478005	617.692307692308	726.598984771574	743.888888888889	Inositol phosphate metabolism	NA	modelOri
MI1PP	664.166666666666	614.84375	461.111111111112	463.734248674368	512.800586510264	634.807692307693	729.932318104907	750.555555555556	Inositol phosphate metabolism	NA	modelOri
PIPLC	669.166666666666	618.59375	467.777777777778	468.600666666667	517.961876832844	639.423076923077	736.598984771574	757.222222222222	Inositol phosphate metabolism	NA	modelOri
PGMT	30	30	30	30	30	30	30	30	glycogen metabolism	NA	modelOri
HMGCOASim	NaN	714.074074074074	408.611111111111	382.460162501577	523.872727272727	746	505.485279187817	279.527290448343	cholesterol synthesis	NA	modelOri
FAOXC164C165m	20	20	37.1820370790278	20	37.5	30	37.5	20	Beta Oxidation of Fatty Acid	NA	modelOri
LNLCCPT2	30	20	37.5	34	38	32	27.8571428571429	20	Carnitine Transferase	NA	modelOri
