TestSolutionName	Primary	iPS_Ctrl	iPS_BD	iPS_BD_R	iPS_BD_NR	TestSolutionGroup	TestedMetabolite	TestedModel
biomass_maintenance	28.5731693379915	30.5846005592794	25.3185804645522	27.281884650177	20.2133199518049	biomass	maintenance	modelOri
biomass_maintenance_noTrTr	32.9271236755161	35.2355155251816	29.1919665820037	29.9505401246415	22.4575208167518	biomass	maintenance_noTrTr	modelOri
PI5P4K	708.333333333333	758.265651438241	628.26565143824	648.193939393939	243.79687244146	Inositol phosphate metabolism	NA	modelOri
MI1PP	721.666666666667	764.932318104908	634.932318104907	665.822510822511	499.529228753889	Inositol phosphate metabolism	NA	modelOri
PIPLC	721.666666666668	771.598984771574	641.598984771574	670.108225108224	504.69051907647	Inositol phosphate metabolism	NA	modelOri
PGMT	30	30	30	30	0	glycogen metabolism	NA	modelOri
HMGCOASim	803.75	849.09898477157	680.195475999644	835.616438356165	517.775465313029	cholesterol synthesis	NA	modelOri
