	subSystem	n.x	n.y	p.val	p.val.fdr
16	ROS detoxification	4	5	6.29804721583885e-06	8.1874613805905e-05
14	Peptide metabolism	27	242	3.00085751079755e-08	7.80222952807362e-07
