	Phenotype	subSystem	No.of.disrupted.modules	disrupted.modules	FVA_abs.p.val.fdr	MTA_abs.p.val.fdr	FVA_norm_t1.p.val.fdr	MTA_norm_t1.p.val.fdr	FVA_norm_t2.p.val.fdr	MTA_norm_t2.p.val.fdr	rowMeans
1	BD_NR	Cholesterol metabolism	2	FVA_BD_NR_abs MTA_BD_NR_abs	3.94322667786e-41	0.0368375419377883	NA	0.208354341699941	NA	0.998504484107329	0.540616061290843
2	BD_NR	Fatty acid oxidation	2	FVA_BD_NR_norm_t2 MTA_BD_NR_abs	0.0802456825658329	6.60199834740452e-06	0.727635762774736	0.999973330019802	0.0440305185140057	0.805910238084825	0.442967022326258
3	BD_NR	Heparan sulfate degradation	2	MTA_BD_NR_abs MTA_BD_NR_norm_t2	NA	0.00263875728634602	NA	NA	NA	8.94250042796481e-05	0.667121363715104
4	BD_NR	Inositol phosphate metabolism	2	FVA_BD_NR_abs MTA_BD_NR_norm_t1	2.27834408643588e-13	0.999997603890375	0.629058103147322	0.000159511489409893	NA	NA	0.604869203087889
5	BD_NR	Keratan sulfate degradation	3	FVA_BD_NR_norm_t1 MTA_BD_NR_abs MTA_BD_NR_norm_t2	NA	3.28018399428838e-05	6.69663711395264e-12	NA	NA	0.00180993013201629	0.500307121996443
6	BD_NR	N-glycan synthesis	2	FVA_BD_NR_norm_t1 MTA_BD_NR_norm_t2	NA	NA	0.00176608695592855	NA	NA	0.000715108562655916	0.667080199253097
7	BD_NR	Phosphatidylinositol phosphate metabolism	2	FVA_BD_NR_norm_t1 MTA_BD_NR_norm_t2	0.183749957779227	0.267198498915085	1.18087344393705e-15	NA	NA	5.23315256001341e-05	0.408500131369986
8	BD_NR	Tyrosine metabolism	2	FVA_BD_NR_norm_t2 MTA_BD_NR_abs	NA	0.000343789178436597	0.629058103147322	0.966449848394159	0.000215512477783367	0.691489333018188	0.547926097702648
