subSystem	n.x	n.y	p.val	p.val.fdr
Fatty acid oxidation	27	702	7.54175707717534e-05	0.000829593278489288
Pentose phosphate pathway	6	25	3.98108101679105e-06	8.75837823694031e-05
