	Phenotype	subSystem	No.of.disrupted.modules	disrupted.modules	FVA_abs.p.val.fdr	MTA_abs.p.val.fdr	FVA_norm_t1.p.val.fdr	MTA_norm_t1.p.val.fdr	FVA_norm_t2.p.val.fdr	MTA_norm_t2.p.val.fdr	rowMeans
1	BD	Fatty acid oxidation	4	FVA_BD_abs FVA_BD_norm_t1 MTA_BD_abs MTA_BD_norm_t2	3.10710661569646e-06	0.00304113644419349	4.82924025804029e-09	0.999999999905688	0.999999344663386	0.0134323080705935	0.33607931683662
2	BD	Keratan sulfate degradation	2	FVA_BD_norm_t2 MTA_BD_abs	NA	1.11400310821384e-05	NA	0.999999999905688	1.28231260094965e-09	0.626168566921297	0.604363284690063
3	BD	Methionine and cysteine metabolism	2	FVA_BD_abs FVA_BD_norm_t2	1.20087147755364e-06	0.999999998807387	0.820584560651116	0.999999999905688	0.0377459446671859	0.999996410493189	0.643054685899341
