TestSolutionName	Primary_T	iPS_Ctrl_T	iPS_BD_T	iPS_BD_R_T	iPS_BD_NR_T	TestSolutionGroup	TestedMetabolite	TestedModel
biomass_maintenance	25.2332429834934	31.9455061602558	22.2128349770852	28.1037612442433	28.3401728831482	biomass	maintenance	modelOri
biomass_maintenance_noTrTr	28.9296188532555	37.0345206159925	25.8470768733949	32.0701745836668	33.2042824751658	biomass	maintenance_noTrTr	modelOri
PI5P4K	631.544715447154	805.487873660463	565.505226480837	698.780487804877	725.62717770035	Inositol phosphate metabolism	NA	modelOri
MI1PP	631.666666666667	805.487873660463	569.651567944251	700	729.04761904762	Inositol phosphate metabolism	NA	modelOri
GLUDC	329.646258503401	339.755449059594	296.265306122449	333.133640552996	368.265306122449	Glutamate metabolism	NA	modelOri
