TestSolutionName	Primary_TP	iPS_Ctrl_TP	iPS_BD_TP	iPS_BD_R_TP	iPS_BD_NR_TP	TestSolutionGroup	TestedMetabolite	TestedModel
biomass_maintenance	28.5731693379915	30.5846005592794	25.3185804645522	27.281884650177	20.2133199518049	biomass	maintenance	modelOri
biomass_maintenance_noTrTr	32.9271236755161	35.2355155251816	29.1919665820037	29.9505401246415	22.4575208167518	biomass	maintenance_noTrTr	modelOri
PI5P4K	708.333333333333	758.265651438241	628.26565143824	648.193939393939	243.79687244146	Inositol phosphate metabolism	NA	modelOri
MI1PP	721.666666666667	764.932318104908	634.932318104907	665.822510822511	499.529228753889	Inositol phosphate metabolism	NA	modelOri
GLUDC	368.571428571429	334.874546773024	288.325743292241	345.58115719406	210.15663524293	Glutamate metabolism	NA	modelOri
