TestSolutionName	Primary	iPS_Ctrl	iPS_BD	iPS_BD_R	iPS_BD_NR	TestSolutionGroup	TestedMetabolite	TestedModel
biomass_maintenance	25.2332429834934	31.9455061602558	22.2128349770852	28.1037612442433	28.3401728831482	biomass	maintenance	modelOri
biomass_maintenance_noTrTr	28.9296188532555	37.0345206159925	25.8470768733949	32.0701745836668	33.2042824751658	biomass	maintenance_noTrTr	modelOri
PI5P4K	631.544715447154	805.487873660463	565.505226480837	698.780487804877	725.62717770035	Inositol phosphate metabolism	NA	modelOri
MI1PP	631.666666666667	805.487873660463	569.651567944251	700	729.04761904762	Inositol phosphate metabolism	NA	modelOri
PIPLC	638.333333333333	812.037581262801	575.505226480835	705.853658536585	735.714285714286	Inositol phosphate metabolism	NA	modelOri
PGMT	40	30	30	30	30	glycogen metabolism	NA	modelOri
HMGCOASim	686.969696969698	893.26565143824	632.727272727272	793.854166666667	826.721611721611	cholesterol synthesis	NA	modelOri
