	subSystem	n.x	n.y	p.val	p.val.fdr
18	Nucleotide salvage pathway	2	3	0.00550206500888041	0.0377459446671859
14	Methionine and cysteine metabolism	5	27	0.00552379678056379	0.0377459446671859
2	Eicosanoid metabolism	9	53	0.000401975168787025	0.00412024548006701
35	Transport, lysosomal	11	58	3.1669550496588e-05	0.000432817190120036
25	Purine synthesis	8	11	1.70861900136111e-09	3.50266895279027e-08
12	Keratan sulfate degradation	18	60	3.1275917096333e-11	1.28231260094965e-09
