rxnList	subSystem	GPR	fluxspan_a	fluxspan_b	FluxSpanRatio	direction	localization
MI145PP	Inositol phosphate metabolism	3635.1 or 8867.2 or 3636.1 or 27124.2 or 8867.1 or 27124.1 or 3633.1 or 56623.1 or 3632.1	578.333333333333	289.166666666667	2	L	[c]
PI45PLC	Inositol phosphate metabolism	23236.2 or 5336.1 or 9651.1 or 113026.1 or 89869.1 or 84812.1 or 5330.1 or 5335.1 or 51196.1 or 5333.1 or 5332.2 or 5331.1 or 5335.2 or 5334.1 or 5332.1 or 257068.1 or 23236.1 or 23007.1	578.333333333333	289.166666666667	2	L	[c]
PI4PLC	Inositol phosphate metabolism	23236.1 or 51196.1 or 9651.1 or 113026.1 or 89869.1 or 23007.1 or 5334.1 or 5331.1 or 5333.1 or 257068.1 or 5332.1 or 23236.2 or 5335.1 or 5335.2 or 5336.1 or 5330.1 or 5332.2 or 84812.1	735	367.5	2	L	[c]
PIPLC	Inositol phosphate metabolism	23236.2 or 5336.1 or 23007.1 or 113026.1 or 89869.1 or 84812.1 or 9651.1 or 5335.1 or 51196.1 or 257068.1 or 5332.2 or 5331.1 or 5335.2 or 5334.1 or 5332.1 or 5330.1 or 23236.1 or 5333.1	721.666666666668	360.833333333334	2	L	[c]
