subSystem_BC	n.x	n.y	p.val	p.val.fdr
Nucleotide interconversion	23	137	0.00212427954048615	0.0304480067469681
Drug metabolism	18	76	8.95527752310119e-05	0.00192538466746676
Transport, extracellular	215	1223	5.39046327041364e-29	2.31789920627786e-27
