subSystem_BRC	n.x	n.y	p.val	p.val.fdr
Valine, leucine, and isoleucine metabolism	5	24	0.00211049563325469	0.0163563411577239
Urea cycle	5	20	0.000875835278047591	0.00905029787315844
Drug metabolism	14	77	1.36467344864952e-06	2.11524384540675e-05
Transport, extracellular	98	1200	4.4081882904996e-15	1.36653837005488e-13
