subSystem	n.x	n.y	p.val	p.val.fdr
Fatty acid oxidation	37	767	3.82501797164437e-09	6.88503234895987e-08
