subSystem	n.x	n.y	p.val	p.val.fdr
Lysine metabolism	4	17	0.00208618675362739	0.0119961634165757
Miscellaneous	10	102	0.00211697001468982	0.0119961634165757
Fructose and mannose metabolism	5	17	0.00018132559289388	0.00154126753959798
Valine, leucine, and isoleucine metabolism	7	33	8.8544160309526e-05	0.00100350048350796
Fatty acid oxidation	54	799	1.8277097739391e-07	3.10710661569646e-06
Methionine and cysteine metabolism	10	31	3.5319749339813e-08	1.20087147755364e-06
