subSystem	n.x	n.y	p.val	p.val.fdr
Pyruvate metabolism	5	19	0.000426403717867759	0.00682245948588414
Fatty acid oxidation	62	776	1.50913758063759e-10	4.82924025804029e-09
