Dataset	Phenotype	ExpThreshold	MEM	modelMets	modelRxns	modelGenes	fluxInconsistentRxns	fluxInconsistentRxnsPrct	coreRxns	overlapCoreRxns	overlapCoreRxnsPrct	astroModelLewisRxns	overlapLewis	overlapLewisPrct
Zhang	Primary	abs	iMAT	4273	6305	2249	1430	22.680412371134	1843	1809	98.1551817688551	649	337	51.9260400616333
Zhang	Primary	norm_t1	iMAT	3771	5528	2249	1390	25.1447178002894	1843	1379	74.8236570808464	649	282	43.4514637904468
Zhang	Primary	norm_t2	iMAT	4055	5958	2249	1491	25.0251762336354	1843	1591	86.3266413456321	649	328	50.5392912172573
Vadodaria	Ctrl	abs	iMAT	4188	6196	2249	1607	25.9360877985797	1765	1718	97.3371104815864	649	343	52.8505392912173
Vadodaria	Ctrl	norm_t1	iMAT	3789	5428	2249	1559	28.7214443625645	1765	1293	73.257790368272	649	282	43.4514637904468
Vadodaria	Ctrl	norm_t2	iMAT	4077	5916	2249	1721	29.0906017579446	1765	1535	86.9688385269122	649	310	47.7657935285054
